"scene_id","instance_token","distance_ahead","lateral_offset","forward_velocity","side_velocity","vehicle_type","lateral_pos_5s"
0,"b3bd430657754a16b32c7674507dba80",25.8551914672659,6.85016144066222,0,0,"truck",4.60648018660455
1,"25cce95097a544fc8bd3fb90205a79c8",2.61290476032943,-3.78563760487395,0,0,"car",-31.788222706803
3,"33ae6abe79c54c169264744932ebb551",34.141092378164,4.9801268298855,0,0,"car",40.2385280228624
3,"c5e055572b08482b8632fb2b64c55c54",36.9937156268563,-4.19377108158718,0,0,"car",-4.81969923703236
3,"6feab41a49d74fff99cf0b2f64cdb267",34.9100589783055,-5.60862003048382,0,0,"car",-4.77794036162165
4,"c967bb082dd945bfa993ce4ae9100804",25.1573720069836,-4.35792375204264,0,0,"car",-5.52564755421462
4,"4ca1be07174c483ea2555577b9af65eb",9.85601001511459,3.3571722639799,0,0,"car",2.91209777876588
6,"66617597e93349e998f677582d2e0017",0.98659496766617,-3.67987841737954,3.50063685879459,0.244376396463632,"car",-2.88224844130624
8,"02819ed37fd2442a9f943e9a14d3fc19",38.0284571577023,-4.51272407859452,0,0,"car",-4.27936540820906
10,"1e33e49bbc8a4f368892118eb603166f",33.3252508646403,7.16474243886277,3.04554652015791,2.24150169020344,"car",1.0512423427438
17,"7e07b88b6529498883eef8e316bbd79a",24.7039101928236,-5.96647752634116,0,0,"car",-13.3059960077199
17,"fe03ef905d584c4889ac7126803fbc58",31.5606971201045,6.66748017388986,0,0,"car",-4.9557720695129
17,"be2887d4ce794067bd7b8c40b29439cb",18.9606143994943,-6.72491288319869,0,0,"car",-12.3281368675078
22,"46d5f615d1c348baace805769dc3724b",10.6400875408142,3.18302252763133,0,0,"car",1.83679059177472
25,"cdbe22c7e3ca471f95af977f950c623f",21.9600555120652,3.61401241974121,0,0,"car",3.37271797936028
25,"d16975f8ff2543f3830974a0fa192455",34.9465860469713,-4.91774271495676,0,0,"car",-6.62252465668228
28,"6c245e7d868c4be5a9c23c816701b103",0.097818548002208,-3.50320442001078,0.983763246555364,0.00895446462418066,"car",-3.51510249211637
36,"42d6c29a6b674264b1ae7ad8c3bda4a7",22.9290731944347,5.7664575877924,0,0,"car",-0.520650527502723
36,"a012466762224684b8402cfbaa9dbda2",34.2559053993702,4.03204049651735,0,0,"truck",0.342339863358368
37,"f81b3d5420b646e2a007ca2b3a26317e",23.4643744221065,-7.27092932269602,0,0,"car",-7.14951003132763
37,"9621acf194fc4fea80b630e6e4050313",15.0180740696384,-7.92272985908915,0,0,"car",-7.641579002628
37,"9fdb6e0712f84c498eef4da3ef43a7d9",30.6616326999611,-7.77722110749894,0,0,"car",-7.7520976559588
37,"b2a662e3fcc64ab1a55fda58be60ecac",1.57711782945075,-7.822209989525,0,0,"car",-7.76432164949607
37,"470870f431b1421e9dc5aa17ada537da",38.9109050357587,-7.40275100896077,0,0,"car",-7.4643673369131
39,"adeac5d0524f40359579085ca5e475c9",27.6312101054098,3.40363441863158,0,0,"car",3.59750416230397
42,"2aa47cfa390b4e7a8d2e5030ef8f8180",14.7711784197389,5.07586438547457,0,0,"car",5.15071653379231
42,"3e7b352a36ec42019548650d9b3f3b34",11.8659991994247,4.38481542320614,0,0,"car",4.75122960700674
42,"262064d9d277460b973ed90a824758f5",35.3986219425583,-3.90697536612216,0,0,"car",-4.50616023736765
48,"82f28f9ea05247cd806868f01c8c5dbb",38.0508609153439,3.01039130268672,0,0,"car",3.84675007021249
49,"6acb252373f9401da392c6e6a8aa8160",28.3415021922148,-5.3228364076223,0,0,"car",-4.50915099275319
49,"b1f877e591f3424bb327f12ae6835193",21.4574209126954,-7.16468753278458,0,0,"car",-3.86848879772702
50,"e49e5cacb37e495689617129611fa4dc",30.7006436485563,-3.39362565596706,0,0,"car",-3.91972811590457
50,"100a14e98ed245eb9c5c695e692c17f9",2.188836871773,-3.37980994720519,4.43525952144485,-0.342523702285106,"car",-4.24583371764345
51,"162e5d2baa604190b9ea35f4b1f642fe",22.0651659173554,-6.07139407048333,0,0,"car",-20.8769307412883
51,"3279231becd3420799230fb21363dc99",11.4432503267417,4.95452935971929,0,0,"truck",-4.50655300516888
58,"bc38961ca0ac4b14ab90e547ba79fbb6",35.9553033425437,-5.90324794190991,0,0,"car",-10.4458506620901
58,"e91afa15647c4c4994f19aeb302c7179",16.192983716877,4.52942334825821,0,0,"truck",5.77593622154895
60,"d8a323f9e69a45bba45e547989d2e35e",34.7551303231993,5.0879934367385,0,0,"car",5.24793298366497
60,"d8c520d0e13146558644d1816e97971a",25.6362990236026,-6.90472016796834,1.28994914370124,3.2865261935805,"car",2.31960654031372
61,"a03780b93bd64c439ecc4e849b3badde",23.7152130749796,-6.24483167386507,0,0,"car",-6.06251726540459
61,"2d6ca7bf29ec4c00a2433ff6a44f8f52",29.0369112997986,-5.68314869096954,0,0,"car",-6.36891374400581
61,"e844715eec9d4718b126310f7af21603",39.7548645322818,-4.203998533303,0,0,"car",-6.0277696261177
61,"92da6ed7785f424e94599c82e4053e36",26.4592148475369,-5.97031937477462,0,0,"car",-6.42513502051463
61,"d6de6a3557e841e3a1edd1071813b2e4",32.4141606063966,-4.80170023726121,0,0,"car",-6.27020930209361
61,"d38d87777a3045b983d46397b7c86f3d",27.7623535291349,-4.16299158348362,0,0,"car",-6.46845932390339
61,"854abf20b5624665b8696256c3a69c28",34.8541946351498,-5.08754806068265,0,0,"car",-6.63666662218828
61,"28fcab395dd64bff9fd5dfefe0793aa9",34.4761987910141,-6.04470400426716,0,0,"car",-6.30595485422316
61,"93102b595a5549699f0ce25704145797",23.5907720265185,-6.38639548316527,0,0,"car",-6.66137428499099
61,"2f07382138d7473faa81039c1478fe92",19.055287512204,-6.60009810370733,0,0,"car",-6.64299781916355
62,"ac50e3c953504a9cadd6f2b0d0030a75",34.2344735919928,7.1247922736558,0,0,"car",7.78430397235602
63,"979fb9c9b33a4262a6f57b7b4db68ea9",38.0770678661533,-4.81663749599748,0,0,"car",3.77767875799395
64,"ddee9e856b394d609136309ec843b69c",13.0499220319999,7.33539794824281,0,0,"truck",5.03513212865598
64,"21945813d7694908a980bd5253dce209",7.17387283326657,7.57132051003327,-0.848912788775028,0.281231688436289,"trailer",5.53468558110086
64,"19d9792dc9bf4bccad644a242a958cf4",31.1083573057587,7.0028664533582,-0.992726395504612,-0.0898768709916498,"truck",7.55104799139415
64,"7a103d0a835c4496aed7e84c096c3b8c",20.9235162634898,-4.16359568721506,6.87111491438822,-2.83365951789978,"car",-1.03648260097447
64,"7ba7709828f2475d966ffcfef096b659",36.3386574418837,-7.26348146024732,0,0,"car",-7.24406959343415
67,"fffe5bf04ad640f7bbea60798e25f263",36.6226801254025,-4.16787701077662,0,0,"car",-2.61389331338515
68,"bfa5ab0e522d44a3ba2869779f521c5c",10.1883855390179,-7.02030340914751,0,0,"trailer",-4.99204416210261
68,"edad9425b9384b0ab4ac52d5defe77ea",19.8495286197862,-6.05471682068173,0,0,"trailer",-5.07007509667003
68,"cbbc0dcf78f64d39ad57542f3edb5938",37.3409032861753,6.30822129625826,0,0,"car",10.770299005118
69,"6fdde5569e504854bd4b86e33b25d202",2.47507949311167,-7.41685497595176,0,0,"car",-7.51282172257769
70,"3f3fbfccf1da4ea0bf2264949aabfa4c",24.2990815163101,5.38930241343334,0,0,"truck",5.53149099185854
70,"74a170bbc11842138df9a0af6da4e0ed",32.745865047243,5.50221725443569,0,0,"trailer",5.67810664942285
71,"86b5f7c54bc447e3b56f2d5b9f80a4e0",26.3387550587897,-6.43175065632373,0,0,"truck",-37.1399007871825
71,"22a970a759c64ff2b8f6fe4033500bd3",37.7348500745862,3.67624496277992,0,0,"car",-22.4867764547268
75,"1617dd3a8bd34d299354399ddc27646b",34.9341383846172,-6.38390566123895,0,0,"car",16.7806454922938
75,"0e2146cb74c74ec38b747efbe23c1a02",8.0701929124773,4.22480215399537,0,0,"car",-11.3214758967143
77,"69e4bc1869a740b6876bfc37a5ec60cc",14.1020734273695,3.5485289545226,0,0,"car",3.55297735802607
77,"7fa93ac758c24737bfba00b54d89c03d",24.7695170595562,3.13200240299394,0,0,"car",3.10113287024819
77,"62a167c66baf4e71a96e745beb208d8c",11.0713218508335,-5.24691683747076,0,0,"car",-5.21049368634664
77,"2e84f512b4704c5e8d90da761456e972",0.892442709565147,-3.40112782412868,2.78557681939961,-0.292132925688745,"car",-3.68731763929368
78,"f5b757fbea0147b9ba114de0db7687c5",6.32373752527454,-4.12045638359046,0,0,"truck",-20.2362362917423
78,"9118e4be2f434a1682fee8ce09b10820",19.7958325813191,3.71459087822416,0,0,"car",4.35624389595555
78,"9a76634f2c5d42e4bbf6ef2dcb995858",29.179726989264,3.67625963012469,0,0,"car",10.0951331357497
79,"ce359c2b8ea14cbb828521ca78733cad",19.5736293363554,3.36830560707857,0,0,"car",3.33855060108651
79,"136cbc143e3142a18c88ee0e60eadc72",12.3666228976907,3.24712884161697,0,0,"car",3.24839581894737
79,"af40da57169749d587e242639dd2e390",8.94728825996647,3.0016623885911,2.87010033980968,0.00413667728243236,"car",2.61513307882964
80,"2e2208a908f042bcb021c30cc55c113c",39.602438961208,-4.46883356319766,0,0,"car",-3.54383428134435
80,"83be8b5746804e01902797d4c2fa06a7",34.0131862529122,-4.68134912845433,0,0,"car",-3.81387704455696
80,"ff3415fdc94a49b28c6a0102f0166b31",26.5933453395307,-4.20622314212742,0,0,"car",-3.52421960172761
80,"f9a7df752bca48688b1f3990f47d018f",26.4390900119059,-4.23028451215465,0,0,"car",-3.75727473641702
80,"469a12bbf8cc4764897d885cb8a02ead",26.871606731629,-4.1868379467596,0,0,"car",-3.82203002153064
80,"a5233bd7e2c34d4f877dda298f7e8abb",0.113035095303697,3.55897046867692,2.22264248418867,0.0617927232709926,"car",3.55063705938103
80,"5a4a4716072a4a43892f70734224d5e1",35.2098639355685,-4.15633893361943,0,0,"car",-3.88291647772614
80,"9f0b560d7a7a44dca47fc5a7700ffaa5",28.3831661150537,-3.99115410728524,0,0,"car",-3.71868948872736
81,"2e8c095f1be741c79a3ecaa0d0447b9b",22.0196043630706,-3.34668951900234,0,0,"car",-3.65037312743835
81,"f6049c699428429ebd95652681f83fdd",17.077551168949,4.27000313712326,0,0,"car",1.22209286900798
81,"bba914e1b38143d18346f0dfe9751b90",1.1034871821757,3.83424827154861,6.46057172151721,0.065675739184233,"car",-9.61663270453125
81,"df93532381c7409abca8b75dd4628cd7",0.273843405190091,4.15559325653615,6.46700326596294,-0.0413411077236913,"car",-0.636422280741381
82,"b7b2cf1e7e214595bdf0d9b3dc59e471",8.35068326586284,-3.66633016330505,0,0,"truck",-3.66645644501411
82,"fce66059186b47bda4a1de86ac2a8d16",34.0309189956379,6.9563818184833,2.7726228586717,-3.8085143065538,"car",-4.81435397604982
82,"d506beca4485449898b377928a948182",34.0083366855779,7.82663088315513,2.97971788637493,-4.76252429073549,"car",-7.01311347462271
83,"c857aea77f814fd88f1f915f53053e7e",8.68202240826969,-3.59460946570808,0,0,"truck",-3.509834270482
86,"b129eb9f43b14a788ef35ead8b1844dc",15.6080389252545,-3.15701747603882,0,0,"car",-3.25854408055503
86,"f78d56edde354793ad7dd15af105d249",0.0494718288673804,-4.77106702776868,0,0,"car",-5.38612714505933
86,"004c3513f3cc4952b88e98b2948a98af",0.507592186757601,7.25092946347019,0,0,"car",7.40649624719727
86,"bd33485f32bf42b2962d9edeb5847c69",6.08028273176877,-5.39932640599484,0,0,"car",-5.97455336071449
86,"a8c36a1c6b3b4336ba261fb96d3bbc64",13.9164115509501,-6.33030696787872,0,0,"car",-13.894673034056
86,"f00e6898fc194a719d141a502daa5ed6",12.0495751816001,3.85171713034703,0,0,"car",3.37670928464317
86,"fbd94b05f2be42a6a9fc2f77bc3590ff",23.9862516534604,3.94852134342935,0,0,"car",3.92101596487644
86,"a78badaea8ce462a9fdb84f3ea02ca13",39.780286864769,5.18479663933299,0,0,"car",4.64097411242217
86,"2285b60b0c9045c5905b5b94a085f9a4",38.430197654655,-7.46179362303257,0,0,"car",-6.80543158841701
87,"2b64f6e216f545399e1b566d74d36cf8",0.92457988147575,-6.87869158500669,0,0,"car",2.0779806923003
87,"e8b0b33be1a647dc8a329d21188fb849",29.9566124057555,5.91184965772786,0,0,"car",6.14351564674924
87,"be6935a41c3e47bda91e38baf47543c7",38.950240828708,4.25346102125353,1.44175064493925,2.58493996057767,"car",2.85264572488765
87,"9e8ed3e41ce344f79d6ccc41a689446a",19.6222718883005,7.95313163484977,0,0,"car",9.05133513997512
87,"2b70dbe406164c14b19c3d94d095f498",29.8105320033184,-5.22098471540158,0,0,"car",-5.84168245492287
87,"5a4599e82426480fab907fce4d80722b",38.2687881011046,-4.5144698612923,0,0,"car",-6.85928078991503
87,"cea4646b36cd47f98493017eecfd82c3",30.036409267403,-5.67091194458692,0,0,"car",-6.85330604348133
88,"8761d33ce2a9490d9d1bdc6aa2ee44fb",35.5825756337702,3.7554159688241,0,0,"car",0.194631394092122
88,"7146422ff97d46ec87f995298f71a3ae",7.40893480103902,-3.36761759150532,0,0,"car",-4.51617036637393
88,"a8a316aa52804f4f9da388abbf0f0658",29.5625180637813,-3.15706690590137,3.14040928227884,0.930718067823548,"truck",-3.15013946363706
88,"6dc2601e7a2a43e09390aa307f566f85",31.948967146477,6.96715860927937,0,0,"car",13.0509461460914
89,"7ae0239f38fd49b98a3e0bf358aedcbe",25.0719584427995,-3.08558776177591,0,0,"car",26.3743491397306
89,"0f1235b3ff1a4ecabe93e0b7002f7254",23.3888155402417,-6.29057574093182,0,0,"car",-5.27836288378458
90,"4f3db0150b8f4335a351b23078a5b0a9",1.05523228573296,-5.57916272487339,0,0,"truck",-6.52159214901144
90,"7de83d506329477db79c68e5a5fd20dd",32.2791193783937,5.26537184292967,0,0,"car",6.38105839602347
90,"686023949f264f4f91f64a97e720eebf",31.8616148407312,-6.81925838809799,0,0,"car",-5.82056366644687
91,"1eab00cbce3c423682ef06cef9907081",12.8125729526422,-6.62313036283788,0,0,"truck",-8.59758281110081
91,"c32eb889a4b046fb9358af528309daa7",39.1825501730421,-6.92138800222148,0,0,"trailer",-18.2207997390361
92,"030df754e631472490e86136a7dd661c",13.9571994741716,-6.11234024297851,0,0,"car",-5.94333121876483
92,"1599aeebfd7341838681df840868c8c5",28.2572973406108,-6.05472160580716,0,0,"car",-6.17334517376947
92,"a8153ca491394dfeb603579375f971c5",36.5226186408229,-5.88002308664308,0,0,"car",-6.16228701062185
92,"b08d0ae4ce3c47b2ae0f881502101b5e",23.1918264906819,-6.02605943085307,0,0,"car",-6.09685224432165
92,"c2c05a52015648e2a51e32a5e0d10323",22.0384855744786,-6.54855326385304,0,0,"car",-6.72839142918065
93,"1849ca7903284c76926934f223cc0fb6",28.4727648831772,-5.82746976036486,0,0,"car",-5.6536007187686
93,"c058836f4c5649ad82ed7782242f2835",0.318512117011123,5.01134099322257,0,0,"car",5.28493901003219
93,"1e7b37252c994e90b7d365a26b3e82e7",13.5940689794919,5.43456764032452,0,0,"car",5.63442963460607
93,"9ab490db09fb464ab5cf242f153b8ec2",16.5600997174659,5.17916448082237,0,0,"car",5.34405813057079
95,"53d0c61860cf418cade2845798ebe0bc",34.5448068049262,7.98780144769778,3.20189572198814,-0.705255349466977,"car",36.4038883633948
98,"e3eb32355911441eba9cb092c351ed04",7.42259454908035,-6.56490813211602,0,0,"truck",-4.32662371304468
98,"9f21fb9dc6cc4a3a8e56102ba99f5033",34.3236463647156,-6.77354683849071,0,0,"car",-5.74739699441703
100,"7a232694b346405a98cc3e3ccdffb375",22.8667121619543,-7.05345881842749,1.06600896926258,1.88775873317151,"car",-0.961914414202463
100,"0b69743994c54ec29f84f0f54fbc24b0",36.0755361772117,-4.47058598326041,0,0,"car",-7.57475285249713
100,"87d4a03ad45c4547aa0230d1da8f14f2",39.9592324734412,7.75938400375272,0,0,"car",4.31722863276223
102,"698128c6f8814749bbb13ecf364f0561",28.1273711860263,-5.76897942767766,0,0,"car",-5.23041305878478
102,"197b1127f79248889bf3272b6cb734d4",21.3603985762122,-4.82981296372989,0,0,"car",-5.13645726987365
102,"f83ab96c19ec4700b59d080d96786c16",16.2926274331292,-5.49317970426235,0,0,"car",-5.48202122213269
102,"966a859a07af4288b09d7481c06014b6",29.771624762511,-5.55972292862096,0,0,"car",-5.30197809857487
103,"b7913a52aea14ea9800a4f9529fe5784",30.517550515752,-6.71280986444388,0,0,"car",-6.55260092039741
103,"fb3c7980a1c84efe918efe9b44e362fd",21.9994210661689,4.20590405408508,0,0,"car",4.24624042591092
103,"f2a5791561e646e9b3f7e7e33c015c29",20.5004137096392,-6.03233905259519,0,0,"car",-5.96825578856148
103,"e27c153f4ea7422fbff505316743bbd0",25.8001427585505,-6.35341300161641,0,0,"car",-6.54300658425916
103,"74cea16530ac4b69adfed691593b6fa2",17.9898066510282,6.69146018328688,0,0,"car",6.67397588786484
103,"f2ee0a4538884c4dbee97ab7c246ef61",23.3407748104566,-6.41117580681233,0,0,"car",-6.35529677693051
103,"6846f25435e24a5f90007c86977b0440",37.6354089737249,-7.56916354357368,0,0,"car",-8.05773682046659
103,"e33a8b43fabb496da70ca94c60d8ce01",39.9672135678768,3.3615233686478,-0.815122592156213,-0.0468019564164908,"car",4.48042429042856
103,"068d35be02c14b7ba558ca580ab8bd66",31.6565238462849,-6.39022660526942,0,0,"car",-5.72566977982231
103,"2eb9e757c4af41459432846340fd9c69",31.4865535229021,-6.56023213462991,0,0,"car",-5.7474277319739
103,"319fb7ad2fbf41709c0dfcc59cf8b184",30.5355264707233,3.84836087659588,0,0,"car",4.68380631744158
103,"c8b383a7df1945b6a01d7c9459e3b900",29.3999625977241,4.40502005319954,0,0,"car",4.82899940459609
104,"cfa7d2a22aa243c99e2c19195416cdde",8.74253625434591,7.6490648524984,0,0,"car",7.61560555935868
105,"2b220944d0ef4a4bbf731d106d312e27",34.6828851355433,4.13710153134947,0,0,"car",4.41055067133962
105,"771500044e6c416bbdfd2116d7790c9d",32.0176905225185,4.34855343242518,0,0,"car",4.41193914651395
105,"e84b47ef450b4876b5a58615b736c2ec",27.3279755110008,5.19365714883268,0,0,"car",5.25909942182491
105,"a0acd804d38a42418befbffa4beab82d",18.243738061824,5.03125136578533,0,0,"car",5.29686147977829
105,"611d47ee8fac416b8eea3d441ba824f7",29.8157988700727,4.78087959066391,0,0,"car",4.99736627897901
106,"96d716d70e9b4b989c906b4cebdf3d0c",3.3628935248868,-3.80507347490619,0,0,"car",9.53388336086891
106,"3f1529b7a5304f20932330acb221f8c2",0.583840512866636,5.8757666024263,0,0,"car",7.82973382221871
106,"92dc7bd37ae9473aaf1ec308ec450940",15.5746317817732,5.0562617551781,0,0,"car",7.70787716515752
106,"4a239aa287574cf39a2c7c2a3a24c2ae",5.69484787640253,6.15792874735239,0,0,"car",8.33495623156132
106,"a65496e83bfa47139ce686ddca7b092a",25.072172826321,4.04580238241978,0,0,"car",7.28167764691726
106,"24330dab6e2b461da3df5799f5eac86e",13.4418474398014,7.21819308519372,0,0,"car",4.80512781650333
106,"a4570a9d661c4675bd67d463e9fdbb83",35.3746982178622,5.79316496227643,0,0,"car",4.53698338894148
106,"457fb3f6481248498036a8b1c763bd39",36.8552440097544,-4.8534274784661,0,0,"car",-3.44457606498325
106,"fe48713a93d54d179f739b5159a7291d",22.2589029590141,7.83048476022581,0,0,"car",9.82381862615316
106,"5a6ecfd49fd14bf4be6755e74355f1e4",34.5104887056821,-6.58224979106205,0,0,"car",-3.19616383833163
106,"229b2040da444f6a9772b588924a9fc9",22.97052952523,-6.75953642132919,0,0,"car",-5.80313561086645
107,"9e8cb3be6d754388b08e0d95b781c8c8",22.1982994787319,-6.18934680453359,0,0,"car",49.6024315383076
107,"c902f832e0d748089b566f757bb004d0",36.68795115787,7.23867065419889,0,0,"car",2.80862670702007
107,"2feb4dfe679d4af09c63b534eda434c2",34.8345845935775,5.3057150152057,0,0,"car",-21.0770264040167
111,"c141f4316e8140c28966dda9aeac6f06",37.2307730915608,-7.85300790068593,0,0,"car",-29.4707593605611
112,"0e8e87a4640b4f5d89070c23661517b4",35.2048188110334,-4.65373006626779,0,0,"car",-3.95479398796553
113,"e99f102efe604ec0b52e02b61e7b3ea7",19.4590262180151,-3.68005994049421,0,0,"car",-16.6059360876032
114,"db35b5352c8448beafc34b85b6094492",23.3569342820747,7.04505411510641,0,0,"car",15.7078441156535
115,"a8dcfc06611b4140a531cc1ed96a6192",28.6272454933163,7.22616601886005,-0.546290006577002,0.289546620389238,"car",-4.5931572337668
115,"7d78202166dc43f391ca2496603c0581",34.6274275702844,-3.78147445500313,0,0,"car",-4.45843900071436
118,"3e5e2352bd96499badbe5685011582b7",7.95297198298413,3.26571382422265,0,0,"car",3.32107055178823
118,"a199eaecd53847f18b8e6da06e7725eb",1.41364389139129,-6.19254532028634,4.51023145578379,-0.460055983206044,"car",-8.03823950260174
118,"3d11b2ec59fc496f91e1c1d46e974eea",1.38060996543216,-7.67790461247375,4.45702262256795,-0.449403238578356,"car",-20.8770826908515
119,"3554e3bf129f4d80a675927dba4946e8",28.5769093896815,6.84581596267584,0,0,"car",6.35091930111838
119,"e2a68728f8ca473f8f58ca730c560d89",31.9725950876513,-3.30479146768344,0,0,"car",-3.92395034733659
120,"b7c50ee98e344f30a6c12681c4aea0b4",15.4407904796803,3.17661216576764,0,0,"car",3.14243663323267
120,"703e553b4c53462cbfd8eb9b0558c43d",19.4407904619389,5.15333199097307,0,0,"car",5.13180894596259
121,"5bf213e988274e8aaf58215363806c0e",24.8880695460531,7.30691482961821,0,0,"truck",7.26203598068787
121,"851b643b73274ce9a8d20da1c7dd5690",2.86121500850349,7.90231006570318,0,0,"car",7.90207374694309
121,"9559fc42d5db4cfbaabe38562d5a9fe6",16.551578005068,7.7796120904898,0,0,"truck",7.79501903415983
121,"7a31b2e739884d4aa9b4bd4f7add22c2",16.7854906337655,-4.65042014958622,0,0,"car",-4.70064083599665
121,"4fef7931d36643e9854aceffcc8b0482",0.154563266791544,7.97987912904441,0,0,"car",8.00636427162878
121,"9ef94933aa6b437ea69c40dc8012dba4",5.65052425666728,-4.55345371590772,0,0,"car",-4.55165571637085
121,"348af7541fb64341bd1e9f2a166ac333",27.6978488615818,-5.18177241460664,0,0,"car",-5.21196647003909
121,"8ecc87451b4e4cccbfee2e442f373cb1",30.3566420919361,-5.00895109316451,0,0,"car",-5.05821785290121
121,"29f300fdb163412596404fc5497f9659",11.280027622949,-4.00562282753137,0,0,"car",-4.00492523666354
121,"988697cc92c443909b31e61ac9775cf4",11.4594961932527,7.31873534846452,0,0,"car",7.31843221193823
121,"827e8186503648ba8318cbe8506183cc",0.371974813409035,-4.79976277175138,0,0,"car",-4.79020226869485
121,"02acd26ba0154e2b986e94a61f00fe3e",3.16166306673046,-4.86304169368255,0,0,"car",-4.83646746822724
121,"5b4bbf2f8d5e414895bdd194942d9c18",19.5040183664317,-5.07288608451746,0,0,"car",-5.09596504891591
121,"db27136c29334eacb5c0e067a2f6f726",8.54684792411817,-4.48443869955793,0,0,"car",-4.44957458994455
121,"7ec86196002e444881aa45083a4b1b94",19.9623574775472,7.97884970956045,-0.162372452615255,-0.0527132943079823,"car",7.88260535423093
121,"ca35a939bec54307b28df8cafe55af57",0.179497892413783,3.11168345609207,3.44622081106199,0.0512402214615887,"car",-0.591355070927221
121,"54d01ffbbda24631b848d2d5212829dc",13.7117562563502,-5.16887824770568,0,0,"car",-5.13588370951539
122,"f5640c2410154cc98e48869f55a46dbd",38.6509643572621,-3.45476657481838,0,0,"car",-19.4980542135529
122,"d5361e5fc40b4a4792a212de77ff2d1a",7.1672196567284,-4.34752687823406,0,0,"car",-0.0854113357567472
122,"8724fb8ce59a4a55940748e921718474",7.09040366471957,7.93503473694329,0,0,"car",9.36360766931958
122,"876a5a4110cb4f03a281c82c0a851973",4.10869831314761,7.92974788719891,0,0,"truck",11.2458845141205
122,"8c96fa09d22041d0930aa2f3da73add1",9.90121122360999,-4.19274597997226,0,0,"car",-1.75585349106804
122,"1a6a60f4a96849a9afbf95488c5bac86",1.85914177394642,-4.71152586328605,0,0,"car",2.94114092811409
122,"699d00eae87547a4827419d9007d3c93",26.1638093250338,7.75838360326952,-0.988695216366064,0.0337068604530192,"truck",9.35576042246203
122,"dff7cc0b916d441aafc33caec9a0475c",26.3634142719693,7.98638955369455,-0.049418889848443,0.0513261137354536,"car",20.8344352549988
123,"a536dc9314c54cabb9989e0e311058b6",38.2507878936199,-7.91649022591923,0,0,"car",-9.10801306329922
124,"f47726f32c0847449a7da04a9110b847",22.2953464885694,-7.07506206037309,0,0,"truck",-7.94524318980863
124,"4959a6873b02467fb85b834ffff4ac4b",16.7655008807188,-7.45831562902042,0,0,"car",-9.33996000106205
124,"ba740f6db3f9478a99a5b288fe80ad44",28.0958343336127,6.6250273939847,0,0,"car",6.47661967646579
125,"fe574f0af4894e34a40c7ee74ba725aa",33.2673469949439,5.1999717127332,0,0,"car",5.70124359056149
125,"b59ae090ef454b7a811bea2fd4e5b74d",33.9957729708143,6.25572473531234,0,0,"car",6.53025632042401
125,"d74f6e2fc3df4626a399c3ea0f49fe9c",39.4483528969279,5.98059892605293,0,0,"car",6.14509933588991
125,"4d0629391b6749f4b13069103ee77ad1",39.5853502806668,6.67221891671638,0,0,"car",6.48001089051955
125,"91da897c753f4beeb9d2c452712b528a",38.7569729538732,6.05888837812775,0,0,"truck",5.41515612174362
126,"c7b9c8e001af4e0e8d27ecd10ef6f8a1",5.64129619477876,7.93956907149183,0,0,"car",8.31122195777783
126,"7aa1809433d2415e80e29ef3411d2293",39.5470416640725,7.91049887467768,0,0,"truck",8.10586335380829
126,"1f767c77a131418d85f6300040e3a545",22.7608492765341,7.28549066497965,0,0,"car",7.7395662694265
127,"4829722066c8421baaad3ad5eedd8b7b",38.7297978375733,-7.03672563703921,0,0,"car",-5.86762872115016
127,"0dddcff19af64cd194e4bd1fa23dd8d9",27.2587414686572,-6.49854960555562,0,0,"car",-5.88105766150825
127,"e45c595ce8394518a7e473287b1c1fdd",37.4788932347611,7.59569952713431,0,0,"car",11.3006793775839
128,"ac847ae95ce04365bc0e26572be27e4a",26.6101999339018,-7.87495682777697,0,0,"car",-7.60164190965481
128,"0cf17b32441140f79d8d534a6c152419",24.0605671319561,-7.60460191791684,0,0,"car",-7.63662471059739
128,"d6347bda77204359959af52e43c280c2",35.340121131501,-7.93477595282582,0,0,"car",-7.9478243592407
128,"ce0d1e7264c244b08c4e61280f9dcae8",34.1537246684205,7.40942578175972,0,0,"car",7.68937052712753
128,"dd7d3833a77540f8bdbf2b5533eae004",37.4412094638677,-4.85937734380924,0,0,"car",-5.0568456645012
129,"23628e425931465db56fab9442070b84",25.402921266398,-3.12832439021706,0,0,"truck",-3.93021906975554
130,"34170c68e1ca40a1a864c7cfb35e4363",0.947490099722796,-3.60009380125543,0,0,"truck",-3.58856258800227
130,"611827bb588140fe99b06de8287bbac7",10.7765861738212,-5.7002015566171,0,0,"trailer",-6.50888839371155
130,"104b3f99882541ef8aafc96ae70cf500",26.5739989851831,-5.93360347402718,0,0,"trailer",-5.55073195159063
131,"1fe4605a80a644199d0d566f455bb410",25.0285345268647,-3.06994872594901,0,0,"car",-4.05462899520368
131,"1eea108673a44dfd8b10ca9e9bcd3413",9.49293556269953,7.91994519882857,0,0,"truck",7.28319887793292
131,"8c983d7d10ad428785fef4a9ea6766a9",18.6328001062264,-3.48428002280928,0,0,"car",-4.18366869902818
131,"ab89857db458472a80b607e310c24b84",20.8630377056858,-4.75866493349419,0,0,"car",-4.19263965260951
132,"08314f6be175403b9ce24c2d9ce1eb58",7.87867084397988,6.90490854644396,0,0,"car",5.11069278596416
132,"14e82f72d9144ad3b5712a204bda2cfc",37.2664003263844,7.76634291278691,0,0,"car",7.72922522457162
132,"541ccedfcf0640f48f72ea084b02807e",18.2149924595904,7.73759800656127,0,0,"car",7.57893749742443
134,"45625c0bafb34ec38d1e265fd1a81100",5.7235331697369,4.36672022714199,0,0,"trailer",7.67621220991968
135,"c2203714adcf418583a1eb71ebc6c512",23.5514745052046,-7.9818998586303,0,0,"car",-8.1532262027706
135,"0cf7e2b7f3ab4804a886a1625bbe39b6",13.9444718164076,6.84317583606833,0.297952323159108,-4.79240645751854,"truck",-14.2167495903657
137,"300b06a6a46445e88cca3763f0a011d6",23.1086945758555,-7.34752914770737,0,0,"car",-2.96391892381657
146,"23c184727dc24eda857cbf96d55dd28e",20.8213636049526,-4.30491620957483,0,0,"car",-10.9652597487155
148,"7b10a88df6ab4a41a9e8d9b241a645c7",38.5402799517949,-5.33670119361666,0,0,"car",-29.0584446214602
149,"9cf044d349cd409b98ceb249c9a65143",26.7769594141237,7.55280675849462,-0.619846859133677,0.0131145918915597,"truck",0.123147624376881
151,"ed77c0e17186414c97aa3bf4ea3ea162",29.7187423553968,3.56162567896776,0,0,"car",-2.79524228054468
155,"4b873661ef2547f9916bf6ebf3eb55bc",28.063020507963,-5.78417315402841,0,0,"car",-6.19183609176817
155,"bd568706f2314fa3af5199ee1020be79",39.1534987973293,-3.45519605565768,0,0,"car",-5.3505099797901
155,"8b4488ad3ff54b4b99d0c9b119cfe4b4",31.1916556644142,-5.51423288214256,0,0,"car",-6.3114314331074
155,"481e6cec5bdb4f7fba31ecc495dff3bf",33.8821206383184,-4.86322553504926,0,0,"car",-6.03071121770496
155,"8b523539e3fa4441ab47c0ef445b6b32",37.4371245391967,-4.65013683835474,0,0,"car",-5.9543150536291
155,"1a7deaf7d59a4ef08016f23dbe1e5012",22.6711264966399,-5.505419242552,0,0,"car",-6.05818423489858
155,"97a2a7fec9a04285a008dc18c8425710",38.3235857636318,-5.69808829623855,0,0,"car",-5.83155771922651
155,"4502ac4f4ea54cfb92de61045df3790c",33.0127050737152,-6.59228509401525,0,0,"car",-6.76571427069716
155,"a8c451d6b5764b2c98425e235e2d2012",23.9972387608296,-6.67346861651001,0,0,"car",-6.48466128154759
155,"1e868b409c4443dfb5fdd40bfa4fe48c",29.6506666657966,-7.31453505878512,0,0,"car",-8.4103211910244
155,"6b7ae300ece04dde9fdeeadfecfadd5f",18.4734243432324,-6.72119856068408,0,0,"car",-5.26237494428452
157,"c9a18fb3fe7d4e3e8c039fd70f29edf8",26.2486165397058,7.17356161850815,0,0,"car",8.19560638766998
157,"33c5e84d6d3945a9a473ba5b4dd0c58d",32.232039963384,3.80907901199364,-0.879089991878508,0.079928882329858,"car",6.18014578797344
158,"8da35bfc30f24118ad7ea5cc3c3a900b",31.4123273529416,7.2703461750917,0,0,"car",8.28659562274835
158,"1a7741044f9f4ff3b8e71397e665ec57",26.3826454603038,-7.89248749591764,0,0,"car",-6.80340330609861
158,"4ca85b5ccc174ba4b9372b1afbd526cf",4.86157659019828,-7.0955523484009,0,0,"car",-6.32289118762216
158,"4b351612c715466baad45a4b2e14f7f1",12.9570787528169,-7.97813874113306,0,0,"car",-7.13438467237244
158,"5193e35111084f38b27e6d7655a1413c",19.6060143253826,7.54085725151586,0,0,"car",8.3794422407318
158,"9c6b2651bb2a4db5a9a28d25464fcbe7",39.5105547785996,7.31954857398336,0,0,"car",7.8970156584039
160,"80822ed2772143f6adce345c6ae4565e",38.2494003190588,4.53924379944899,0,0,"car",5.99558825587312
160,"2b96956017a54fcc93dcc63cc1e34b03",33.6427440631064,3.95692539472528,0,0,"car",8.54125992749371
161,"4ea599c8c3d344518e4f793c86077ef9",12.7250921466154,7.43713840092607,0.77949360331693,-2.71015632176649,"car",-9.11698271632911
161,"4ece3bfeec624043a24c70b49820b578",14.4324290150384,7.17169838238173,1.67902944593798,-3.32223597692887,"car",-12.6125792348009
163,"a6382af61c794db5bb298b19004a8a7d",8.81964324619507,-3.65216562496531,0,0,"car",-3.85854312772823
163,"ed2b302f559544269d3c835da4a13e47",2.19269193949191,-3.40196750010132,0,0,"car",-3.54934214813845
163,"bcdbf8893e7d4c3ea67a9b53ca782e6a",14.6818525971557,-3.41068198856901,0,0,"car",-3.80536881251855
163,"6fabf477dc7e4beca87943382f468461",27.3246365697256,-3.61004353541961,0,0,"car",-3.84298255061957
163,"da8d7a1752544c86bbf5a2447fcabb7c",18.9381380478407,-3.53485869748251,0,0,"car",-3.35254658744219
164,"663fe4cb737f4f1f8fb702e2c659c521",5.02704029229156,7.77414184573509,0,0,"car",7.07036960379563
166,"707575c12a22461b804a39d6b8e1c3a0",33.8574688441105,-7.97625803135161,0,0,"car",-7.60727250263768
167,"1a8eb1bbcc054923b866e026c704a787",20.3988342790123,-3.9581931628049,0,0,"truck",-3.51525401656839
168,"43f27bef0e814da1b5ce138ced1a4399",3.42321750199495,7.69536530190453,0,0,"car",7.69608720337432
168,"ac027c217b984f7d9ccbb4594f2eccef",11.3000811625692,7.9224894396286,0,0,"car",7.92435569032643
168,"3958da3c72b24a3e896ab9dfdd16ee7d",3.70045341321508,-4.15554556792872,0,0,"car",-4.15471893140867
168,"c51a62ea38e44ecf88811cbcf533dd1a",6.54585173803671,-4.77728884233742,0,0,"car",-4.77613511078762
168,"84a38aea22f24f8ca07efedc78d4b005",8.39406686381311,7.29025553690174,0,0,"truck",7.2917499966923
168,"247eec57d2234b59aa2f913f29943071",0.426991199632451,7.5250916681323,0,0,"car",7.52534722239642
168,"3d9df62357f140da988a0593e74077ef",17.041953719188,-4.4303290102582,0,0,"car",-4.42760809698426
168,"49d214dbf2574dc1bc7535091cb1bc82",8.94781767524817,-4.92577871437801,0,0,"car",-4.93314106581333
168,"ab057ec0ce874fde9c64f56270e83e9d",11.9258925655562,-5.01116772535794,0,0,"car",-5.00917421774248
168,"c4d4b36dc6ab49a9b4ba87b938920010",1.17183509415794,-3.87998409555174,0,0,"car",-3.87958888505348
169,"46bc8e7246fe432b935c40b2f9967405",25.8872065846576,5.29347913672849,0,0,"car",3.70359295772875
169,"29a2e5bbec6949a6a22d161d79cf71c8",37.0297927538523,7.88017745999125,-0.263156877033471,0.00231167739348606,"truck",7.62136971338846
170,"a663efda5be141b1ac1cb4d483857d6c",14.0099001832972,4.07861038139786,0,0,"truck",4.58009892595244
170,"7f18650fc0db4b0e9796afdd473a1f69",33.8718990312315,3.61992162768221,0,0,"car",4.64379215948663
171,"95ab69ce18ea40e9abd21715a83d8a2f",8.22305364563339,-3.93905029430464,0,0,"car",-29.0600051069225
171,"bb283f2359374f0fb9a7c07a73b7fa1a",22.1819127971055,-3.17079037255773,2.97929619448197,-1.0169391157,"truck",-35.8161234147868
173,"e879b14bc505491a8bc5ff6228b61583",22.3779533057259,7.60106514405746,0,0,"car",4.25134074990186
173,"5603f877984e46b484033138633c4819",18.1018899709555,7.48053740118661,0.50956956550213,-4.22986562781243,"truck",-15.0718181568682
174,"af81ef0d4de74364b62da47a7ade0aee",33.1348292013569,-7.83248706096783,0,0,"truck",-7.70742726694581
174,"d52c5ce7f2ed4d5cbaa54d7b3bf669f8",36.1385476566781,-3.54669162780675,0,0,"car",-3.60121736901476
174,"65101f7c36134be686146083da76e1c1",4.14662161678481,4.34027838520363,0,0,"car",4.34033808621157
174,"48594e2bcee4439492ac367bab392e2f",29.6182755504785,-5.55820791882514,0,0,"car",-5.69418928968967
175,"74929b4092f5479eab5f917572294f65",1.22636297373279,-3.20543871739832,3.34441852401757,0.0131408124359885,"truck",-6.21915533283879
176,"7605fbb9b3a7417d9f866ee0003cbf3f",3.54585536082567,-3.22410441371554,0,0,"truck",-2.92881136815417
176,"6ab8eb2c971f4153ba1abc1d927152d8",6.16901429530917,3.28716507493849,0,0,"car",3.87755034318123
176,"0642452c4c834fc99329be2acaee52bd",23.1917879922246,-4.06628844353107,0,0,"truck",-7.86635464985705
176,"d30be5990e554d4faec74e4415153162",16.8906761824889,-3.71026221490958,0,0,"trailer",-5.94550244598661
176,"11cbcc2b45f0419e8f649a76bd2cd4c0",28.0577356003655,-7.92612816250397,0.0329991870856217,3.48829441837284,"car",10.3326410878083
177,"46e21a3b66f64b8da697788f263ba5de",26.9405803155485,-4.03253470218057,0,0,"car",-4.14598015512342
177,"6b74309588d541f1947953938f345754",38.9956109215664,-3.8488959939788,0,0,"car",-3.79795483901079
177,"e4c3cb2d20c04a2496e04b10f2392680",20.6470644440133,-3.99993843517387,0,0,"car",-4.23563689049651
177,"2a953423a472464797c38b15be837c48",33.4180132471344,-4.12910853400216,0,0,"car",-3.99077062955929
177,"b7729182204c4bdfb26d3011fbd68fca",34.0864853624603,-4.6499383689372,0,0,"car",-3.98188929674575
177,"91d250d8568b42cba1e4a607020f945f",35.8047042577741,-4.72039812048039,0,0,"car",-4.06705234902917
177,"97300757bb2c4f86b1c19da99d973217",34.2039827767207,-4.77513481174918,0,0,"car",-4.05614189849184
177,"a4260f4e218e4278a3e4eb2ee0a7141e",37.0093480845964,-4.63539813514339,0,0,"car",-4.18932158088921
177,"449f1f650f024662abb444df3a4ff4ed",29.0628414656323,-3.78490623129998,0,0,"car",-4.30676716767444
177,"59b8f71194754ea891a085a87c898b75",28.618645738635,-4.45047927154457,0,0,"car",-4.14653908205893
177,"fb1a96abb9c04c8897991c68aeafaec4",37.3689792026666,-4.85972817338394,0,0,"car",-4.13918888367272
177,"51d5d2ae09ce4b4d8023f6ec46be5465",26.7718825363767,-4.76668201423,0,0,"car",-3.95107218429787
177,"36fe51f0dbee438abe855772bee78e6d",28.7286069647892,-4.40644946362049,0,0,"car",-3.87799517818927
178,"76b6f6442f8f44b68fa74858e9b18ff5",18.7757533484522,4.11973977285591,0,0,"car",2.61967174286917
178,"63b23681c2cb4f4b940a076d5e52937e",22.581470467136,-3.55844215187001,0,0,"car",-3.37309912657425
178,"c7cdc391c8b04181baa5785c3114f3e9",28.8665208035309,-3.4974300936293,0,0,"car",-3.64041231497289
178,"af5c5257a5dd41caa53862761be46697",34.7878558176219,-3.03983918416977,0,0,"car",-3.47120630920504
178,"fcf7b627c0a24ff0805526c7be379ad2",38.0705945447574,-3.62316081340412,0,0,"car",-3.83093287621657
178,"f27ab9869c444f70a2c293cd83f6de27",39.6850727971482,-3.80640281278215,0,0,"car",-4.00363615200999
178,"328ae1c108c04c30ab38c642d3cd713c",34.0751522457049,-4.07277215843212,0,0,"car",-3.63365536802887
178,"f9e3174240304e4f88b793b0e886a78c",36.1889065996577,-4.0898549244226,0,0,"car",-3.53822981797902
178,"a365d8a939154d66bf94f0565143f24d",31.2515671492725,-4.36425928312985,0,0,"car",-3.81448746319133
178,"b60bce428456413bbb42496b50d92a62",37.7518424515176,-4.45424289401346,0,0,"car",-3.89837578009711
178,"6d208bc3cdd04284b8866b5c3f918137",30.43805404064,-4.44842336440737,0,0,"car",-4.42397907616687
178,"575715eb32ed45bd9257824af06090a0",33.1468792219847,-3.91297751761307,0,0,"car",-3.70381561399864
178,"a39a08ed3aaf4067805d26eec40fdcf9",33.1474247005395,-5.17477504212146,0,0,"car",-3.92513851462666
179,"7479d82ca0bc49e09ccc9d4dde67490e",2.48388901686855,-4.00245259148005,0,0,"car",-1.79846097476537
179,"bf9a007f0fd84b58b0fd2f24bbed2f65",20.8246773545993,-4.45203522864992,0,0,"car",-5.02967503258829
179,"b3689e2781df427fa28e183a8e0d01c3",14.5954462983591,-4.5209568691269,0,0,"car",-4.17870716289721
179,"6c3480bde8924ef583ee3b16a2b28a65",38.4070051091183,-4.43153250104377,0,0,"trailer",-7.8095920542317
179,"eded0c5fba8d4d808227d5c60ad2ef13",8.23117951869278,-4.2605449631687,0,0,"car",-2.94607576749832
179,"dcf7fcb1157f4dbd88b574a34e8183ab",37.1715718755472,3.28447059264556,0,0,"car",7.66022419546886
180,"028559fb5ae54db8be59a2e5a728fe53",9.79662145562833,-4.1099657268623,0,0,"car",-4.07749675481456
181,"be11189d24fd4cd89bfbc464ca94ef80",39.0635609034612,6.82564483266887,0,0,"truck",6.82286670737178
181,"b144c41dc79c45249f2befc3a056c3f6",20.0522568362603,7.3218672471799,4.42555296254885,-4.64577940927187,"truck",-1.55479673019821
183,"af9ffe5a27f645478646bdfdff9b9681",15.6442384209441,7.42506142867108,2.33135246482451,-4.93543603660455,"truck",-23.2295912285419
183,"40698ffcd1c446c9a4800747d6f15977",0.552546547088268,3.47215492182778,1.26602217364635,0.00157372579399073,"car",15.5694576245841
184,"80c2c1c776274230a315ac631bc6b01a",20.1363218810163,-3.79328733216462,0,0,"car",-3.6047602354532
184,"d4ad27bac64546c98b87cc3fa29fc634",12.7588249708953,-3.74270999401608,0,0,"car",-3.4189301222069
184,"ce16e1ffe00a42e5a337e80a9c9658d7",6.31618044738152,-3.81439329239399,0,0,"truck",-3.55629483067174
185,"e07a8c31e10b4948a44fbe0f7ded4b12",37.348185177314,6.14939988161384,0,0,"car",8.28081658880334
186,"903b6a07f92540fa9db968339d7f567a",6.3647236590364,7.51928048105225,0,0,"car",6.4964076935742
186,"df01837018d74d2b9c170a3b6640a6d2",1.05731184034887,7.80078757186642,0,0,"car",6.1066723240164
186,"377f95a76f414df5ab6fc91fc21e5247",13.8230548701294,-3.23906971350531,0,0,"trailer",-3.19985620034607
186,"684fe368617d48a5bd7442e2eca29f5f",30.1242785045904,5.628254203095,0,0,"car",7.77010440153035
186,"d23d5d6ce631444480f772fa82bb7093",18.5311448451883,6.70576798361406,0,0,"car",7.29464281978674
186,"aa38cdbee9094c88bff32af782c75afc",12.7515022954758,6.90466079451648,0,0,"car",6.7402993616061
186,"0733208e26c24dd6ba971e22420d04d6",22.1638963551199,-4.08263849814966,0,0,"truck",-3.00806078119938
187,"d901210f24724c3299809cba832dd96f",34.782201067008,-4.63560728383117,0,0,"car",-2.03849390574428
187,"9739c1fef18340ca81c046524f42137b",25.5818305449607,-4.05487745963101,0,0,"car",3.331540800802
187,"72f55799d5cf42b4b93d8b8cc437f262",1.41540230968465,7.57046368785238,0,0,"car",7.46173770842661
187,"9c9d08fe144b457ea236981ec772cb9a",15.0924223114512,3.41664898899291,0,0,"car",2.78465452561602
187,"b65591be5767423c9c3c68483e13791d",31.2087337073786,6.06502296192211,0,0,"car",4.97877406101148
187,"568ed69595b743c1911f9110ad3fd878",19.0675155778581,5.20213604330383,0,0,"car",2.19784342940119
187,"e03a2065d9a341d187bf944d1ecde0e2",30.6671665806911,3.80252720669578,0,0,"car",2.70288183133167
188,"310206673d124b67aaf4daa7de4838df",18.0118098487968,5.85308183953831,0,0,"car",7.83830386259266
188,"85099be1e6a34268a405af9629d4039c",1.91743221960287,4.70645569040175,0,0,"truck",6.18958049857472
188,"cdcc9f7a12024d48ae468ebbf12009b2",0.280603559514045,4.20076254307042,3.47276706220241,0.495097250276101,"trailer",6.40601092728217
188,"c5b0fe940ffd4f468786e0f3606a38ab",1.62269339936918,3.4613988471902,4.9653044092131,-0.309439121203511,"car",1.2053992865958
189,"db9e7ddfe40c48e48dfff6139fe5a515",0.254843378663212,5.15580985176396,0.712303742702891,0.0626259401894835,"truck",3.25880652840243
189,"437562631675419193080eb1e8ff4cf9",10.5797975963344,3.43527517139848,4.71116546951274,0.745254476859702,"car",-5.12985546761182
189,"f3dcb38deca240c993025ada608ee8e8",30.1396007397785,-3.13117012452418,-0.241714132792887,-0.0187340369040627,"car",-10.5336206027935
189,"6b07240294a942b0a8eb9517ca6fd38e",12.6235741179611,7.99438256238636,-0.324086922236297,0.0248660214354155,"car",5.33256824878372
189,"4d042ec05a0d4b26bf1b2a32692c6fde",24.5954343396145,-3.92228225341173,-0.808224676472939,-0.0228058140679491,"car",-7.75459244401434
190,"64f17b2d835445959c58004927194d40",8.71770577198145,-5.53846507164061,0,0,"car",-3.94194408920637
190,"83d61fc99db04fc488180b53e67707ec",0.171887830403527,-3.38042266905272,0,0,"car",-3.57101846279715
190,"ab1b0ac55da5451fad6c8c41b733040b",33.0764709099521,-4.32865024108,0,0,"truck",-1.32139937115951
190,"2541b879858340a6ad5bd10410f83944",24.5751327661543,-7.36908513370446,0,0,"trailer",-4.45800687985719
190,"9ee5ea39923d4a0d8d08eaac28b2320f",32.1941167899677,-6.8247297651472,0,0,"car",-6.79858249976918
190,"9e13689a0ed4496988fa132d4c7efd88",35.2338470702433,-6.89366118917778,0,0,"car",-6.85864056349815
190,"760f4df68639465a80985c648fa10500",10.1537536714021,-6.52348806825081,0,0,"car",-6.5177832427876
191,"9f883071870b40e3ace7c28c620f5dcc",1.16776278524217,3.91237223369816,0,0,"car",3.91333487180276
191,"dfbcb79218df47b2b709b3cfa4398e2b",13.2108162441899,7.50404782814559,0,0,"truck",-29.4787627247677
191,"903e9b68873e4294bf8b26ce04344a60",33.2532844341785,5.5257879927117,0,0,"car",51.582390931026
191,"5bbb1387aaea487cb7c77586286358ab",26.553156762163,-7.75664171354917,-0.454345694638937,2.85284299346753,"truck",0.217440517727384
191,"b1483aa674c244bbb2afa8f2142e8a8b",26.1942408144246,-7.54892505785052,-0.221186451281281,1.230615431945,"car",10.4008536455355
192,"c8ac37e7c7f0427aba8b7370d5a9b795",38.2902759452444,3.40161393458365,0,0,"truck",3.66219554621952
192,"792cf4a791cb438d9ba0ddae9febb5f9",27.0613571617056,3.32988642896528,0,0,"trailer",3.62641024868758
193,"78312366a3b9442ba4d5b067370bc10f",1.44595498935861,3.00857583178221,4.26492250595986,0.185226466773877,"car",2.96463016187007
194,"a8844f9a8b814f2eb1b52dfd24e22930",23.2265057747225,-4.20087925905701,0,0,"car",-4.18447419780499
194,"1b949c2cc8164295b11d23faea463b82",35.4363473465032,-3.93793448960081,0,0,"car",-4.08463975488932
194,"44b1237e22a44eb5b15c19541ccb03ff",16.1608072076188,-4.28752786795921,0,0,"car",-4.14061787714146
194,"b28897e87a2d4f44ba407b2b89c0a330",36.293636206249,-4.20245327019127,0,0,"car",-3.78100594671794
194,"071f746340134561aeea29b0a5daa057",34.7468196643766,-3.89439981929997,0,0,"car",-3.4593768373805
194,"478c461103384b8c87b07dce137d1b03",34.241608241204,-3.82501985477618,0,0,"car",-3.56835337098921
194,"32da9c629faf43168fa7469ae9b6e62c",37.3981169041612,-4.18908166339405,0,0,"car",-3.98159808394223
194,"e88c88e3798140b3affec642b26fee76",0.731630616407729,3.52051835154068,1.83500767032975,-0.0374739051153803,"car",3.43305021907955
194,"4d140562197a448e83745b3de9c382d8",33.1149993425019,-4.19640883769657,0,0,"car",-4.09983538840189
194,"652f78e9fdbb4a478320ec9c209bf416",28.9159101308513,-4.51799289318202,0,0,"car",-3.91778200042646
194,"4b0da3d07956437297ca604b728ac149",35.9213696419885,-4.6304988425974,0,0,"car",-3.99634585538105
194,"78e25f231abc4d5998b39e8b15d7c846",38.5432444051153,-4.55274226147035,0,0,"car",-4.08145094413993
194,"ca79102b3c3d487eaa6a6db97027fcf1",27.752996311022,-4.37858802286002,0,0,"car",-3.87648262311024
194,"9f1988e7afd741b49cfd0f475f41d64a",31.1436260537935,-3.90442269492415,0,0,"car",-3.62551461842265
194,"64e692c229f342a59942dcda0461d6ee",37.3906378986669,-4.19233754759714,0,0,"car",-4.15776542816812
195,"76ba6f961775460c8b63c74369a74b6d",28.6970399040419,3.13029146041012,0,0,"car",2.2975242761066
197,"a2b59a1673e942ddbd7ee6f5a0461923",19.4212856060915,5.37968316283895,0,0,"truck",14.0881393401946
197,"9948d0301c864672a24acaec87e93a82",1.25354264625393,3.86168882745513,0,0,"car",3.84040086691616
197,"dc70e922ae6949ba87fc98a9e8ef64c4",30.2152301500325,-7.57562998568574,0.712756415151566,4.03518406128389,"car",0.579072002683237
198,"cf71a81db0b448ac90599a5d7b054c68",15.0860341953886,-5.49930274332304,0,0,"car",3.7422662693352
198,"6940095fd34045918725a6ae77704633",28.5836438558542,-4.87204858800075,0,0,"car",-3.92538013532574
198,"acb8a04b10e64f6187bd128f9247a6b5",22.9627414400575,-4.31457028195073,0,0,"car",-4.01036328837739
199,"b2dc043a8884485d939f690a8f1770ca",17.0384761863877,-4.15073699444599,0,0,"car",3.92688799706047
